{"val_loss":10.090439121246337,"train_precision_micro_first":0.004671875,"val_recall_macro_first":6.208866261020738e-05,"train_accuracy_first":0.004671875,"val_loss_first":10.090439121246337,"_runtime":68609.033250036,"val_accuracy_first":0.0053125,"val_recall_micro_first":0.0053125,"val_f1_micro_first":0.0053125,"epoch":30000,"train_loss":20.24232486152649,"train_loss_first":639.3177708148957,"_timestamp":1.7325451317191558e+09,"lr":0.006290157302448335,"val_f1_macro_first":6.562059461445604e-07,"train_f1_micro_first":0.004671875,"train_recall_micro_first":0.004671875,"train_recall_macro_first":3.9670600547232276e-05,"train_precision_macro_first":5.718509710498049e-07,"val_precision_micro_first":0.0053125,"train_f1_macro_first":1.1123831570187109e-06,"val_precision_macro_first":3.298460201167267e-07,"_step":29,"_wandb":{"runtime":70768}}