{"_wandb":{"runtime":571},"_timestamp":1.7324754954672492e+09,"train_precision_micro_first":0.00625,"val_f1_macro_first":2.8111286962828446e-06,"val_f1_micro_end":0.021875,"train_recall_macro_end":0.002364066193853428,"alpha":0.5,"val_accuracy_first":0.00375,"val_recall_macro_end":0.0007698229407236335,"val_precision_macro_first":1.4108352144469526e-06,"val_accuracy_end":0.021875,"train_f1_micro_end":0.028125,"train_recall_micro_end":0.028125,"train_precision_macro_end":6.648936170212766e-05,"val_recall_micro_first":0.00375,"val_precision_micro_first":0.00375,"train_f1_macro_first":4.1580435240966936e-05,"train_precision_macro_first":2.1114864864864866e-05,"train_f1_macro_end":0.00012934100756644895,"val_recall_macro_first":0.0003762227238525207,"train_accuracy_end":0.028125,"train_recall_macro_first":0.0014076576576576576,"val_f1_micro_first":0.00375,"train_loss_first":16.492145195007325,"train_f1_micro_first":0.00625,"val_precision_micro_end":0.021875,"val_loss_first":13.805612754821777,"val_f1_macro_end":3.295878033679165e-05,"_runtime":547.541897098,"train_loss_end":12.349028797149659,"lr":0.00997996995916893,"val_loss_end":10.039237976074219,"train_recall_micro_first":0.00625,"val_precision_macro_end":1.6839876828329483e-05,"val_recall_micro_end":0.021875,"train_accuracy_first":0.00625,"train_precision_micro_end":0.028125,"epoch":60,"_step":5,"val_loss":23.84485065460205,"train_loss":4.644842109680176}