{"_step":19,"val_accuracy":0.7275,"_wandb":{"runtime":15985},"val_loss":0.7660213392972947,"val_f1_micro":0.7275,"train_confusion_matrix":[[3149,851],[704,3296]],"train_loss":0.4134650420695543,"_runtime":15985.629227653,"train_accuracy":0.805625,"train_f1_macro":0.8055593489370496,"val_confusion_matrix":[[12,2,0],[210,570,0],[3,3,0]],"val_f1_macro":0.3139156077753246,"_timestamp":1.7316187858367605e+09,"epoch":10000,"train_f1_micro":0.805625}