{"_step":0,"_wandb":{"runtime":22},"train loss":0.41180604696273804,"_timestamp":1.7313901918943176e+09,"_runtime":11.582985158}