{"val_precision_micro":0.1490625,"val_recall_macro":0.03455365533970915,"train_loss":4.751658866405487,"_runtime":295856.975492111,"epoch":100000,"train_f1_micro":0.13984375,"val_f1_micro":0.1490625,"train_recall_macro":0.026766772405593515,"train_accuracy":0.13984375,"_step":999,"train_precision_micro":0.13984375,"train_f1_macro":0.020037697097565043,"val_loss":4.781908359527588,"train_recall_micro":0.13984375,"val_f1_macro":0.023957429182966963,"_timestamp":1.7324034066450994e+09,"val_recall_micro":0.1490625,"_wandb":{"runtime":295857},"train_precision_macro":0.020657485821820233,"lr":0.0008857240581888131,"val_accuracy":0.1490625,"val_precision_macro":0.024749520692034805}