{"partition":0.4375,"epoch":27000,"train_loss":1.9950407909154892,"_timestamp":1.7327708182720942e+09,"_runtime":33929.311338402,"_wandb":{"runtime":35121},"_step":26,"val_loss":44.3576675,"lr":0.0008290821525468187}