{"_timestamp":1.731427585621758e+09,"_runtime":825.796089588,"_step":19,"_wandb":{"runtime":825},"train loss":2.37557478249073e-06,"val acc":0.9729375,"val loss":0.14531547072716058}