{"_wandb":{"runtime":8179},"confusion matrix":[[14,0,0],[581,199,0],[6,0,0]],"train loss":6.895744204521179e-05,"val acc":0.26625,"val F1 (macro)":0.15068857940877672,"val F1 (micro)":0.26625,"val loss":1.9219929933547975,"_step":9,"_timestamp":1.731602225548639e+09,"_runtime":7823.798823059}