{"_runtime":109.294728985,"val loss head 23":7.1909,"val loss head 18":7.6556,"val loss head 11":10.1834,"val loss head 8":10.6244,"val loss head 13":7.7481,"val_loss":273.3633,"val loss head 33":6.109,"val loss head 32":6.9316,"val loss head 15":7.4544,"train_loss":349.055908203125,"val loss head 27":8.8043,"_step":0,"val loss head 28":7.9,"val loss head 2":6.3322,"lr":0.001,"val loss head 21":8.5873,"val loss head 9":10.2016,"val loss head 16":8.2682,"val loss head 19":7.7903,"val loss head 30":8.2588,"val loss head 36":0.2072,"val loss head 12":8.0419,"val loss head 34":4.8629,"val loss head 26":9.082,"val loss head 25":8.5005,"_wandb":{"runtime":130},"val loss head 1":2.3036,"val loss head 3":7.9797,"val loss head 10":8.9686,"val loss head 29":9.096,"val loss head 31":7.3397,"val loss head 17":7.8097,"epoch":1,"val loss head 24":8.6618,"val loss head 5":8.3432,"val loss head 6":8.2394,"val loss head 35":3.5604,"val loss head 22":7.4122,"val loss head 20":8.6298,"val loss head 7":9.2623,"partition":0.5,"val loss head 14":7.1053,"val loss head 0":0.1977,"_timestamp":1.7328179964090037e+09,"val loss head 4":7.7193}