{"val F1 (macro)":0.3293274298966899,"confusion matrix":[[0,22,0],[0,1562,0],[0,16,0]],"_timestamp":1.7315451335107622e+09,"_step":19,"train loss":2.4509699642658233e-05,"val loss":0.12026946902275086,"val F1 (micro)":0.97625,"val acc":0.97625,"_wandb":{"runtime":16125},"_runtime":16125.335354117}