{"_wandb":{"runtime":11},"train loss":0.639400839805603,"_timestamp":1.731390066285218e+09,"_runtime":11.826694463,"_step":0}