{"_step":48,"_wandb":{"runtime":12227},"val_loss_1":0.905909375,"lr":3.6924242297241835e-05,"_runtime":12069.99528614,"epoch":4900,"train_loss":0.2690868624486029,"val_loss_0":0.6506725,"_timestamp":1.7327331705159576e+09}