{"loss":0.21486511174313228,"_timestamp":1.7308271220283916e+09,"_wandb":{"runtime":0},"_runtime":0.549646618,"_step":7,"acc":0.8346684927244872}