{"_step":7,"acc":0.7522917927253494,"loss":0.16613342993268815,"_wandb":{"runtime":0},"_timestamp":1.7313543803638911e+09,"_runtime":0.572005257}