{"val F1 (macro)":0.32943408156813153,"_step":2,"train loss":0.06835869948069255,"val acc":0.976875,"confusion matrix":[[0,25,0],[0,1563,0],[0,12,0]],"val F1 (micro)":0.976875,"val loss":0.5563369214534759,"_timestamp":1.7315943248778524e+09,"_runtime":179.326091684,"_wandb":{"runtime":217}}