{"_timestamp":1.730839575548822e+09,"_wandb":{"runtime":4022},"_runtime":4022.221406203,"_step":99,"train loss":0.009402310475707054}