{"_wandb":{"runtime":1176},"_step":99,"train loss":0.003533212933689356,"_timestamp":1.7313970098444724e+09,"_runtime":1176.790466349}