{"_wandb":{"runtime":1647},"current_portion":0.5,"val_accuracy":0.8921875,"val_f1_macro":0.8912633981665472,"_timestamp":1.7328120501556592e+09,"val_f1_micro":0.8921875,"lr":0.0006041320078089729,"val_confusion_matrix":[[256,64],[5,315]],"train_f1_micro":0.8625,"train_confusion_matrix":[[70,10],[12,68]],"train_accuracy":0.8625,"_runtime":1515.319934916,"val_loss":0.23899901956319808,"epoch":230,"_step":22,"train_f1_macro":0.8624785122675418,"train_loss":0.2925576142966747}