{"epoch":200,"lr":0.0006882728769473576,"_timestamp":1.7327209819392765e+09,"val_loss_1":1.8851096875,"train_loss":0.4556073195487261,"_wandb":{"runtime":632},"val_loss_0":3.6358775000000003,"_runtime":528.873322909,"_step":1}