{"train_accuracy":0.499496875,"train_f1_micro":0.499496875,"train_f1_macro":0.24294303060037276,"_timestamp":1.7316799437323344e+09,"val_f1_macro":0.009670167226140247,"val_f1_micro":0.01471875,"train_confusion_matrix":[[0,0,0,0],[97,107152,52625,126],[79,105790,52687,151],[1,859,433,0]],"_step":0,"current_portion":0.5,"_runtime":906.474963362,"val_confusion_matrix":[[0,0,0,0],[0,471,0,0],[0,30986,0,0],[0,543,0,0]],"val_accuracy":0.01471875,"val_loss":0.8150252074003219,"epoch":5000,"_wandb":{"runtime":1028},"lr":5.567616394502361e-06,"train_loss":0.9918120663881302}