{"_runtime":0.646872552,"_step":7,"_wandb":{"runtime":0},"acc":0.8218022599371027,"loss":0.1595005175429918,"_timestamp":1.7313543197848582e+09}