{"val F1 (macro)":0.3251154397536224,"train loss":5.733276605606079e-05,"confusion matrix":[[10,12,0],[252,1313,0],[5,8,0]],"val acc":0.826875,"_wandb":{"runtime":16124},"_timestamp":1.7315872610586689e+09,"_runtime":16124.614981775,"_step":19,"val F1 (micro)":0.826875,"val loss":0.5759127935767174}