{"_wandb":{"runtime":1156},"train loss":0.002706361236050725,"_timestamp":1.7313913610795352e+09,"_runtime":1156.821416289,"_step":99}