{"loss":0.22924711977628026,"_timestamp":1.7313875345811577e+09,"_runtime":0.599251373,"_step":7,"_wandb":{"runtime":0},"acc":0.7758089141446398}