{"val_recall_macro":0.013401918402559224,"lr":0.0008857122927251346,"_timestamp":1.7321753524828713e+09,"train_recall_macro":0.009576733885336985,"train_f1_macro":0.005473652015856438,"val_f1_macro":0.007952234446074274,"train_accuracy":0.07859375,"val_recall_micro":0.0765625,"epoch":100000,"train_precision_macro":0.00519474191013058,"_wandb":{"runtime":3589},"val_precision_micro":0.0765625,"_step":1004,"val_loss":5.924835052490234,"_runtime":3589.085519592,"train_recall_micro":0.07859375,"train_precision_micro":0.07859375,"train_loss":5.906631555557251,"val_precision_macro":0.007854209208275037,"val_accuracy":0.0765625,"train_f1_micro":0.07859375,"val_f1_micro":0.0765625}