{"val_confusion_matrix":[[0,0,0,0],[0,256,0,0],[0,31660,0,0],[0,84,0,0]],"train_f1_macro":0.6333748443337484,"val_accuracy":0.008,"_step":0,"lr":5.569775901376317e-06,"train_accuracy":0.640625,"_timestamp":1.7316806784513977e+09,"current_portion":0.5,"val_loss":0.7222208807468414,"_runtime":85.487063573,"val_f1_micro":0.008,"train_confusion_matrix":[[0,0,0,0],[0,25,7,0],[0,16,16,0],[0,0,0,0]],"epoch":5000,"val_f1_macro":0.005291005291005291,"train_loss":0.00013792022466659545,"train_f1_micro":0.640625,"_wandb":{"runtime":594}}